カラメルのサービスに飛びます。, http://calamel.jp/, 通販,1
パブーのサービスに飛びます。, http://p.booklog.jp/, 電子書籍,1
ブクログのサービスに飛びます。, http://booklog.jp/, 書評,1
minne（ミンネ）のサービスに飛びます。, http://minne.com/, ハンドメイド,1
カラーミーショップのサービスに飛びます。, http://shop-pro.jp/, ショッピングカート,1
JugemCartのサービスに飛びます。, http://ja.jugemcart.com/, 海外販売,1
JUGEM（ジュゲム）のサービスに飛びます。, http://jugem.jp/, 無料 ブログ,2
JUGEMプラス（ジュゲムプラス）のサービスに飛びます。, http://jugem.jp/service/plus/, 有料 ブログ,2
30days Albumのサービスに飛びます。, http://30d.jp/, 写真共有,2
ザ・インタビューズのサービスに飛びます。, http://theinterviews.jp/, インタビューサービス,2
メモリ解放アプリ「スマホ最適化スイッチ」のページに飛びます。, https://play.google.com/store/apps/details?id=jp.co.paperboy.optimizer.onigiri, メモリ解放アプリ,2
Goope（グーペ）のサービスに飛びます。, http://goope.jp/, ホームページ作成,3
petit（プチ）のサービスに飛びます。, http://www.petit.cc/, ホームページ 簡単,3
ロリポップ！のサービスに飛びます。, http://lolipop.jp/, レンタルサーバー,4
heteml（ヘテムル）のサービスに飛びます。, http://heteml.jp/, WordPress サーバー,4
Sqale（スケール）のサービスに飛びます。, http://sqale.jp/, Ruby on Rails サーバー,4
ムームードメインのサービスに飛びます。, http://muumuu-domain.com/, ドメイン,4
Osaipo（おさいぽ！）のサービスに飛びます。, http://osaipo.jp/, ポイント決済,4
